{
    "type": "BPoly",
    "extrapolate": true,
    "axis": 0,
    "knots": [
        -1.0,
        4.0,
        5.0,
        9.0
    ],
    "coefficients": [
        [
            0.0,
            1.0,
            0.0
        ],
        [
            0.5888888888888889,
            1.2148148148148148,
            -0.9666666666666666
        ],
        [
            0.8925925925925928,
            0.6444444444444444,
            -2.1
        ],
        [
            1.0,
            0.0,
            -0.9999999999999996
        ]
    ]
}